{
	"notes":"UNID",
	"sharepoint":"UNID"
}
{
	"notes":"SBNumber",
	"sharepoint":"Portal Name",
	"NotesFieldToAppend":"SBRevision",
	"AppendFormat":"{0} Rev {1}"
}
{
	"notes":"SBSubject",
	"sharepoint":"Title"
}
{
	"sharepoint":"DocumentGroup",
	"default": "Technical Publication"
}
{
	"sharepoint":"ContentType",
	"default": "Service Bulletin"
}
{
	"notes":"Aircraft_Family",
	"sharepoint":"AircraftFamily",
	"valuesMapping": [["CRJ", "CRJ Series"]]
}
{
	"notes":"Aircraft_Name",
	"sharepoint":"ModelNumber",
	"valuesMapping": [["100/200/440", "CRJ100, CRJ200, CRJ440"],["700", "CRJ700"],["705", "CRJ705, CRJ900"],["705/900", "CRJ705, CRJ900"],["900", "CRJ705, CRJ900"], ["1000", "CRJ1000"]],
	"customMethod":"SplitModels"
}
{
	"notes":"Aircraft_Name",
	"sharepoint":"Sub-Model",
	"valuesMapping": [["700", "CRJ700"],["900", "CRJ900"], ["1000", "CRJ1000"],["100/200/440", "CRJ100, CRJ200, CRJ440"],["705", "CRJ705"],["705/900", "CRJ705|||CRJ900" ]],
	"customMethod":"SplitModels"
}
{
	"notes":"SBEffectivity",
	"sharepoint":"AircraftEffectivity",
	"customMethod":"ConvertToEffectivity_SERVICE_BULLETIN",
	"default":"All"
}
{
	"sharepoint":"Relation",
	"default":"(All)"
}
{
	"sharepoint":"Role",
	"default":"(All)"
}
{
	"notes":"SBAtaRef",
	"sharepoint":"MainATASNS",
	"valuesMapping": [["", ""]],
	"customMapping": [["^(?<first>\\d{2})[-−]\\d{2}([-−]\\d{2})?$", "${first}"],
					  ["^(?<first>\\d{2})[/-](?<second>\\d{2})[/-]\\d{4}$", "${first}"],
					  ["57[-−]030", "57"] ],
	"customMappingMode":"RegExFullMatchValueBeginsWith",
	"customMethod":"SplitATA"
}
{
	"notes":"SBAtaRef",
	"sharepoint":"SubATASNS",
	"valuesMapping": [["", ""]],
	"customMapping": [["^(?<first>\\d{2})[-−](?<second>\\d{2})([-−]\\d{2})?$", "${first}-${second}"],
					  ["^(?<first>\\d{2})[/-](?<second>\\d{2})[/-]\\d{4}$", "${first}-${second}"],
					  ["57[-−]030", "57-30"] ],
	"customMappingMode":"RegExFullMatchValueBeginsWith",
	"customMethod":"SplitATA"
}
{
	"notes":"SelectVendor",
	"sharepoint":"Supplier",
	"valuesMapping": [["", ""],["4 Flight Industries - 41070000-25-03", "4 Flight Industries"], ["C&D Aerospace - 9321003-25-01", "C&D Aerospace"],["Latecoere - 670LE-52-004", "Latecoere"],["Rosemount Aerospace Inc - 2314M-30-06", "Rosemount Aerospace Inc"]],
	"UseLnValueIfNoMatch": 1
}
{
	"notes":"Options",
	"sharepoint":"Criticality",
	"valuesMapping": [["", "Recommended"], ["Optional", "Optional"],[" Alert", " Alert"], ["Recommended", "Recommended"]]
}
{
	"notes":"AvailableOnWebSite",
	"sharepoint":"Available on Portal",
	"valuesMapping": [["Yes", "Yes"]]
}
{
	"notes":"SBRevision",
	"sharepoint":"Revision",
	"default": "NC"
}
{
	"notes":"SBDateOfIssueRich",
	"sharepoint":"Release Date (Date of Issue)"
}
{
	"notes":"Compliance",
	"sharepoint":"Compliance",
	"default": "N/A"
}
{
	"sharepoint":"Description",
	"default": "-"
}