{
	"notes":"UNID",
	"sharepoint":"UNID"
}
{
	"notes":"CLVendorNumber",
	"sharepoint":"Portal Name",
	"NotesFieldToAppend":"CLVendorRevision",
	"AppendFormat":"{0} Rev {1}"
}
{
	"notes":"CLSubject",
	"sharepoint":"Title"
}
{
	"sharepoint":"DocumentGroup",
	"default": "Technical Publication"
}
{
	"notes":"CLVendorName",
	"sharepoint":"ContentType",
	"customMapping": [["^(00 - Vendor Transmittal Letters).*$", "Vendor Transmittal Letter"]],
	"customMappingMode":"RegExFullMatch",
	"default": "Vendor Service Bulletin"
}
{
	"notes":"Aircraft_Family",
	"sharepoint":"AircraftFamily",
	"valuesMapping": [["CRJ", "CRJ Series"]]
}
{
	"notes":"Aircraft_Name",
	"sharepoint":"ModelNumber",
	"valuesMapping": [["100/200/440", "CRJ100, CRJ200, CRJ440"],["700", "CRJ700"],["705", "CRJ705, CRJ900"],["705/900", "CRJ705, CRJ900"],["900", "CRJ705, CRJ900"], ["1000", "CRJ1000"]],
	"customMethod":"SplitModels"
}
{
	"notes":"Aircraft_Name",
	"sharepoint":"Sub-Model",
	"valuesMapping": [["700", "CRJ700"],["900", "CRJ900"], ["1000", "CRJ1000"],["100/200/440", "CRJ100, CRJ200, CRJ440"],["705", "CRJ705"],["705/900", "CRJ705|||CRJ900" ]],
	"customMethod":"SplitModels"
}
{
	"notes":"CLACEffectivity",
	"sharepoint":"AircraftEffectivity",
	"customMethod":"ConvertToEffectivity_COVER_LETTER"
}
{
	"sharepoint":"Relation",
	"default":"(All)"
}
{
	"sharepoint":"Role",
	"default":"(All)"
}
{
	"notes":"CLVendorName",
	"sharepoint":"Supplier",
	"rulesMapping": {"01_":
		{ "field":"CLVendorName",
		"operator":"StartsWith",
		"value":"00 - Vendor Transmittal Letters",
		"enabled": 1},"02_BAE Systems":
		{ "field":"CLVendorName",
		"operator":"Equal",
		"value":"Bae Aerospace",
		"enabled": 1}, "03_B/E Aerospace":
		{ "field":"CLVendorName",
		"operator":"Equal",
		"value":"BE Aerospace",
		"enabled": 1}, "04_Goodrich":
		{ "field":"CLVendorName",
		"operator":"Equal",
		"value":"BF Goodrich",
		"enabled": 1}, "05_C&D Aerospace":
		{ "field":"CLVendorName",
		"operator":"Equal",
		"value":"C & D Aerospace",
		"enabled": 1}, "06_Esterline Mason Electric":
		{ "field":"CLVendorName",
		"operator":"Equal",
		"value":"Esterline",
		"enabled": 1}, "07_C&D Zodiac":
		{ "field":"CLVendorName",
		"operator":"Equal",
		"value":"C & D Zodiac",
		"enabled": 1}, "08_GE Aircraft Engines":
		{ "field":"CLVendorName",
		"operator":"Equal",
		"value":"General Electric",
		"enabled": 1}, "09_Goodyear Aviation":
		{ "field":"CLVendorName",
		"operator":"Equal",
		"value":"Goodyear",
		"enabled": 1}, "10_L3 Communications":
		{ "field":"CLVendorName",
		"operator":"Equal",
		"value":"L-3 Communication",
		"enabled": 1}, "11_L3 Communications":
		{ "field":"CLVendorName",
		"operator":"Equal",
		"value":"L3 Communication",
		"enabled": 1}, "12_Litton Aero Products":
		{ "field":"CLVendorName",
		"operator":"Equal",
		"value":"Litton Aero",
		"enabled": 1}, "13_Meggitt Thermal Systems":
		{ "field":"CLVendorName",
		"operator":"Equal",
		"value":"Meggitt SA",
		"enabled": 1}, "14_Menasco Aerospace":
		{ "field":"CLVendorName",
		"operator":"Equal",
		"value":"Menasco",
		"enabled": 1}, "15_PPG Industries":
		{ "field":"CLVendorName",
		"operator":"Equal",
		"value":"Ppg Industries, Inc.",
		"enabled": 1}, "16_Thales":
		{ "field":"CLVendorName",
		"operator":"Equal",
		"value":"Thales Airborne Systems",
		"enabled": 1}, "17_Hamilton Sundstrand":
		{ "field":"CLVendorName",
		"operator":"Equal",
		"value":"United Technologies Corp.",
		"enabled": 1}, "18_Walter Kidde Aerospace":
		{ "field":"CLVendorName",
		"operator":"Equal",
		"value":"Walter Kidde",
		"enabled": 1}, "19_C&D Zodiac":
		{ "field":"CLVendorName",
		"operator":"Equal",
		"value":"Zodiac-Avox System",
		"enabled": 1}, "20_Gamesa Aeronàutica":
		{ "field":"CLVendorName",
		"operator":"Equal",
		"value":"Gamesa Aeronautica",
		"enabled": 1},"21_C&D Zodiac":
		{ "field":"CLVendorName",
		"operator":"Contains",
		"value":"C & D ZODIAC",
		"enabled": 1}},
	"UseLnValueIfNoMatch": 1
}
{
	"notes":"AvailableOnWebSite",
	"sharepoint":"Available on Portal",
	"valuesMapping": [["Yes", "Yes"], ["No","No"]]
}
{
	"notes":"CLVendorRevision",
	"sharepoint":"Revision",
	"valuesMapping": [["", "NC"], ["0", "NC"], ["R0", "NC"], ["Rev 0", "NC"], ["rev00", "NC"], ["Rev 1", "1"], ["rev01", "1"]],
	"UseLnValueIfNoMatch": 1
}
{
	"notes":"CLDateRich",
	"sharepoint":"Release Date (Date of Issue)",
	"notesFallback":"LastDateModified"
}
{
	"notes":"CLNumber",
	"sharepoint":"Transmittal Letter Number",
	"customMethod":"TransmittalLetterNumber"
}
{
	"notes":"CLNumber",
	"sharepoint":"Service Bulletin Number",
	"customMethod":"ServiceBulletinNumber"
}
{
	"notes":"CLVendorNumber",
	"sharepoint":"Related Vendor Service Bulletin (VSB)",
	"default":""
}
{
	"sharepoint":"Portal Effectivity",
	"default": "-"
}
{
	"sharepoint":"Description",
	"default": "-"
}