{
	"notes":"UNID",
	"sharepoint":"UNID"
}
{
	"notes":"Title",
	"sharepoint":"Portal Name"
}
{
	"notes":"Title",
	"sharepoint":"Title"
}
{
	"sharepoint":"DocumentGroup",
	"default": "Technical Publication"
}
{
	"sharepoint":"ContentType",
	"default": "Service Bulletin Report"
}
{
	"notes":"Aircraft_Family",
	"sharepoint":"AircraftFamily",
	"valuesMapping": [["CRJ", "CRJ Series"]]
}
{
	"notes":"Aircraft_Name",
	"sharepoint":"ModelNumber",
	"valuesMapping": [["100/200/440", "CRJ100, CRJ200, CRJ440"],["700", "CRJ700"], ["705/900", "CRJ705, CRJ900"],["900", "CRJ705, CRJ900"], ["1000", "CRJ1000"],["", "CRJ100, CRJ200, CRJ440"]],
	"customMethod":"SplitModels"
}
{
	"notes":"Aircraft_Name",
	"sharepoint":"Sub-Model",
	"valuesMapping": [["", "CRJ100, CRJ200, CRJ440"], ["700", "CRJ700"],["900", "CRJ900"], ["1000", "CRJ1000"],["100/200/440", "CRJ100, CRJ200, CRJ440"], ["705/900", "CRJ705|||CRJ900" ]],
	"customMethod":"SplitModels"
}
{
	"sharepoint":"AircraftEffectivity",
	"default":"All"
}
{
	"sharepoint":"Relation",
	"default":"(All)"
}
{
	"sharepoint":"Role",
	"default":"(All)"
}
{
	"notes":"AvailableOnWebSite",
	"sharepoint":"Available on Portal",
	"valuesMapping": [["Yes", "Yes"], ["No" , "No"]]
}
{
	"notes":"Date",
	"sharepoint":"Release Date (Date of Issue)"
}
{
	"sharepoint":"Description",
	"default": "-"
}