{
	"notes":"UNID",
	"sharepoint":"UNID"
}
{
	"notes":"DocNum",
	"sharepoint":"Portal Name"
}
{
	"notes":"Subject",
	"sharepoint":"Title"
}
{
	"notes":"Keywords",
	"notesFallback":"Subject",
	"sharepoint":"Description"
}
{
	"notes":"Categories",
	"sharepoint":"DocumentGroup",
	"valuesMapping": [["AOM", "Service Document"], ["CSL", "Service Document"], ["Engineering Memo", "Engineering Document"], ["Flight Deck", "Technical Newsletter"],["FON", "Service Document"], ["In Service Modsum", "Engineering Document"],["ISAR", "Technical Newsletter"],["ISEIL", "Service Document"],["Kit Drawing", "Engineering Document"],["REO", "Engineering Document"],["RIL", "Service Document"], ["RNIEO", "Engineering Document"], ["SL", "Service Document"], ["SNIEO", "Engineering Document"], ["SNEIO", "Engineering Document"], ["THD Memo", "Engineering Document"], ["VSL", "Service Document"]]
}
{
	"notes":"Categories",
	"sharepoint":"ContentType",
	"valuesMapping": [["AOM", "All Operator Message (AOM)"], ["CSL", "Concession Support Letter (CSL)"], ["Engineering Memo", "Engineering Memo"], ["Flight Deck", "Flight Deck"],["FON", "Flight Operations Notes (FON)"], ["In Service Modsum", "In-Service Modsums"],["ISAR", "In-Service Activity Report (ISAR)"],["ISEIL", "Reference Instruction Letter (RIL)"],["Kit Drawing", "Kit Drawing"],["REO", "Repair Engineering Order (REO)"],["RIL", "Reference Instruction Letter (RIL)"], ["RNIEO", "Service Non Incorporated Engineering Order (SNIEO)"], ["SL", "Service Letter (SL)"], ["SNIEO", "Service Non Incorporated Engineering Order (SNIEO)"], ["SNEIO", "Service Non Incorporated Engineering Order (SNIEO)"], ["THD Memo", "Engineering Memo"], ["VSL", "Vendor Service Letter (VSL)"]]
}
{
	"notes":"AircraftType",
	"sharepoint":"AircraftFamily",
	"valuesMapping": [["CRJ", "CRJ Series"], ["Challenger", "CRJ Series"], ["Dash7", "Q Series"], ["", "CRJ Series"]]
}
{
	"notes":"AircraftModel",
	"sharepoint":"ModelNumber",
	"valuesMapping": [["100/200/440", "CRJ100, CRJ200, CRJ440"], ["700", "CRJ700"],["705/900", "CRJ705, CRJ900"], ["705/900/950", "CRJ705, CRJ900"],["705", "CRJ705, CRJ900"], ["900", "CRJ705, CRJ900"],["1000", "CRJ1000"],["850", "CRJ100, CRJ200, CRJ440"],["", "CRJ100, CRJ200, CRJ440|||CRJ700|||CRJ705, CRJ900|||CRJ1000"]],
	"customMethod":"SplitModels"
}
{
	"notes":"AircraftModel",
	"sharepoint":"Sub-Model",
	"valuesMapping": [["100/200/440", "CRJ100, CRJ200, CRJ440"], ["700", "CRJ700"],["705/900", "CRJ705|||CRJ900"], ["705/900/950", "CRJ705|||CRJ900"],["705", "CRJ705"], ["900", "CRJ900"],["1000", "CRJ1000"],["850", "CRJ100, CRJ200, CRJ440"],["", "CRJ100, CRJ200, CRJ440|||CRJ700|||CRJ705|||CRJ900|||CRJ1000"]],
	"customMethod":"SplitModels"
}
{
	"notes":"Effect",
	"sharepoint":"AircraftEffectivity",
	"customMethod":"ConvertToEffectivity_THD_LIBRARY",
	"default":"All"
}
{
	"sharepoint":"Relation",
	"rulesMapping": {"01_Aircraft Owner|||Aircraft Operator|||Authorized Service Facility|||Regulatory Authority":
		{ "field":"Categories",
		"operator":"Equal",
		"values":["AOM", "Engineering Memo", "In Service Modsum", "Kit Drawing", "SNIEO", "RNIEO"],
		"valuesOperator":"Or",
		"enabled": 1}, "02_Aircraft Owner|||Aircraft Operator|||Authorized Service Facility":
		{ "field":"Categories",
		"operator":"Equal",
		"values":["CSL", "THD Memo", "VSL", "ISAR"],
		"valuesOperator":"Or",
		"enabled": 1}, "03_Aircraft Owner|||Aircraft Operator|||Authorized Service Facility|||Independent Third-Party MRO":
		{ "field":"Categories",
		"operator":"Equal",
		"values":["RIL", "ISEIL", "SL"],
		"valuesOperator":"Or",
		"enabled": 1}, "04_Aircraft Owner|||Aircraft Operator|||Authorized Service Facility|||Independent Third-Party MRO|||Regulatory Authority":
		{ "field":"Categories",
		"operator":"Equal",
		"value":"RIEO",
		"enabled": 1}},
	"default":"(All)"
}
{
	"sharepoint":"Role",
	"rulesMapping": {"01_Aircraft Owner-All|||Aircraft Operator-All|||Authorized Service Facility Representative|||Regulatory Authority Representative":
		{ "field":"Categories",
		"operator":"Equal",
		"values":["AOM", "Engineering Memo", "In Service Modsum", "Kit Drawing", "SNIEO", "RNIEO"],
		"valuesOperator":"Or",
		"enabled": 1}, "02_Aircraft Owner-All|||Aircraft Operator-All|||Authorized Service Facility Representative":
		{ "field":"Categories",
		"operator":"Equal",
		"values":["CSL", "THD Memo", "VSL", "ISAR"],
		"valuesOperator":"Or",
		"enabled": 1}, "03_Aircraft Owner-All|||Aircraft Operator-All|||Authorized Service Facility Representative|||Independent Third Party MRO Representative":
		{ "field":"Categories",
		"operator":"Equal",
		"values":["RIL", "ISEIL", "SL"],
		"valuesOperator":"Or",
		"enabled": 1}, "04_Aircraft Owner-All|||Aircraft Operator-All|||Authorized Service Facility Representative|||Independent Third Party MRO Representative|||Regulatory Authority Representative":
		{ "field":"Categories",
		"operator":"Equal",
		"value":"RIEO",
		"enabled": 1}},
	"default":"(All)"
}
{
	"notes":"ATA",
	"sharepoint":"MainATASNS",	
	"valuesMapping": [["0", "00-00 General"], ["0000 (all)", "00-00 General"], ["0000(all)", "00-00 General"], ["xxxx", "00-00 General"], ["N/A", "00-00 General"], ["ALL", "00-00 General"]],
	"rulesMapping": {"01_00-00 General":
		{ "field":"ATA",
		"operator":"Equal",
		"value":"",
		"linkedOperator":"And",
		"linkedRule": { "field":"Categories",
						"operator":"NotEqual",
						"values":["Flight Deck", "ISAR"],
						"valuesOperator":"And"},		
		"enabled": 1}, "02_":
		{ "field":"ATA",
		"operator":"Equal",
		"value":"",
		"linkedOperator":"And",
		"linkedRule": { "field":"Categories",
						"operator":"Equal",
						"values":["Flight Deck", "ISAR"],
						"valuesOperator":"Or"},		
		"enabled": 1}},
	"customMapping": [["^(?<first>\\d)$", "0${first}"], ["^(?<first>\\d{2})$", "${first}"], ["^(?<first>\\d)\\d{2}$", "0${first}"], ["^(?<first>\\d{2})\\d{2}$", "${first}"], ["^(?<first>\\d{2})[-−](?<second>\\d{2})$", "${first}"]],
	"customMappingMode":"RegExFullMatchValueBeginsWith",
	"customMethod":"SplitATA_THD"
}
{
	"notes":"ATA",
	"sharepoint":"SubATASNS",
	"valuesMapping": [["0", "00-00 General"], ["0000 (all)", "00-00 General"], ["0000(all)", "00-00 General"], ["xxxx", "00-00 General"], ["N/A", "00-00 General"], ["ALL", "00-00 General"]],
	"rulesMapping": {"01_00-00 General":
		{ "field":"ATA",
		"operator":"Equal",
		"value":"",
		"linkedOperator":"And",
		"linkedRule": { "field":"Categories",
						"operator":"NotEqual",
						"values":["Flight Deck", "ISAR"],
						"valuesOperator":"And"},		
		"enabled": 1}, "02_":
		{ "field":"ATA",
		"operator":"Equal",
		"value":"",
		"linkedOperator":"And",
		"linkedRule": { "field":"Categories",
						"operator":"Equal",
						"values":["Flight Deck", "ISAR"],
						"valuesOperator":"Or"},		
		"enabled": 1}},
	"customMapping": [["^(?<first>\\d)$", "0${first}-00"], ["^(?<first>\\d{2})$", "${first}-00"], ["^(?<first>\\d)(?<second>\\d{2})$", "0${first}-${second}"],
					  ["^(?<first>\\d{2})(?<second>\\d{2})$", "${first}-${second}"], ["^(?<first>\\d{2})[-−](?<second>\\d{2})$", "${first}-${second}"]], 
	"customMappingMode":"RegExFullMatchValueBeginsWith",
	"customMethod":"SplitATA_THD"
}
{
	"notes":"Effect", 
	"sharepoint":"Available on Portal",
	"valuesMapping": [["All", "Yes"]],
	"dependsOnSpField":"AircraftEffectivity",
	"valuesMapping_Sharepoint": [["All", "No"]],
	"rulesMapping": {"01_No":
		{ "field":"ATA",
		"operator":"Equal",
		"value":"",
		"linkedOperator":"And",
		"linkedRule": { "field":"Categories",
						"operator":"NotEqual",
						"values":["Flight Deck", "ISAR"],
						"valuesOperator":"And"},		
		"enabled": 1}},
	"default":"Yes"
}
{
	"notes":"Rev.",
	"sharepoint":"Revision",
	"valuesMapping": [["", ""]],
	"customMethod":"Revision_THD"
}
{
	"notes":"Created",
	"notesFallback":"LastDateModified",
	"notesFallback2":"Date",
	"sharepoint":"Release Date (Date of Issue)",
	"dateValidation":1
}
{
	"notes":"Status1",
	"sharepoint":"DocumentStatus",
	"valuesMapping": [["Active","Active"], ["Obsolete","Obsolete"]],
	"rulesMapping": {"01_Active":
		{ "field":"Status1",
		"operator":"Equal",
		"value":"",
		"linkedOperator":"And",
		"linkedRule": { "field":"Categories",
						"operator":"NotEqual",
						"values":["ISAR", "Flight Deck"],
						"valuesOperator":"And"},
		"enabled": 1}}
}
{
	"notes":"CAR",
	"sharepoint":"Corrective Action Required (CAR)",
	"useNotesIfRuleMappingTrue": 1,
	"rulesMapping": {"":
		{ "field":"Categories",
		"operator":"Equal",
		"values":["In Service Modsum", "REO", "RIL", "ISEIL", "Engineering Memo", "THD Memo", "Kit Drawing", "SNIEO", "SNEIO", "RNIEO"],
		"valuesOperator":"Or",
		"enabled": 1}},
	"default":""
}
{
	"sharepoint":"PartSerialNumber",
	"default":""
}