{
	"field":"Categories",
	"operator":"NotEqual",
	"value":"ACR",
	"enabled": 1
}
{
	"field":"Categories",
	"operator":"NotEqual",
	"value":"Action Register",
	"enabled": 1
}
{
	"field":"Categories",
	"operator":"NotEqual",
	"value":"Collins Publication",
	"enabled": 1
}
{
	"field":"Categories",
	"operator":"NotEqual",
	"value":"Misc",
	"enabled": 1
}
{
	"field":"Categories",
	"operator":"NotEqual",
	"value":"Other Documents",
	"enabled": 1
}
{
	"field":"Categories",
	"operator":"NotEqual",
	"value":"SCR",
	"enabled": 1
}
{
	"field":"Categories",
	"operator":"NotEqual",
	"value":"SDIR",
	"enabled": 1
}
{
	"field":"Categories",
	"operator":"NotEqual",
	"value":"CSIL",
	"enabled": 1
}
{
	"field":"Categories",
	"operator":"NotEqual",
	"value":"CMM",
	"enabled": 1
}
{
	"field":"Categories",
	"operator":"NotEqual",
	"value":"Training",
	"enabled": 1
}
{
	"field":"Categories",
	"operator":"NotEqual",
	"value":"",
	"enabled": 1
}