{
	"notes":"UNID",
	"sharepoint":"Document ID Value"
}
{
	"notes":"UNID",
	"sharepoint":"UNID"
}
{
	"notes":"Name",
	"sharepoint":"Portal Name"
}
{
	"notes":"Title",
	"sharepoint":"Title"
}
{
	"notes":"Description",
	"sharepoint":"Description"
}
{
	"notes":"DocumentGroup",
	"sharepoint":"DocumentGroup"
}
{
	"notes":"DocumentType",
	"sharepoint":"ContentType"
}
{
	"sharepoint":"AircraftFamily",
	"default":"CSeries"
}
{
	"notes":"ModelNumber",
	"sharepoint":"ModelNumber",
	"valuesMapping": [["(All)", "All"]],
	"UseLnValueIfNoMatch": 1
}
{
	"sharepoint":"Sub-Model",
	"default":""
}
}
{
	"notes":"AircraftEffectivity",
	"sharepoint":"AircraftEffectivity"
}
{
	"notes":"Relation",
	"sharepoint":"Relation",
	"customMapping": [["Non-Authorized Service Facility", "Independent Third-Party MRO"], ["Broker", "Parts Broker"], ["\\|\\|\\|Bombardier", ""], ["Bombardier\\|\\|\\|", ""], ["Bombardier", ""]],
	"customMappingMode":"FindAndReplace"
}
{
	"notes":"Role",
	"sharepoint":"Role",
	"customMapping": [["Aircraft Owner-Purchaser", "Aircraft Owner-Purchasing"], ["Aircraft Operator-Purchaser", "Aircraft Operator-Purchasing"], ["Non-Authorized Service Facility-All", "Independent Third Party MRO Representative"], ["Authorized Service Facility-All", "Authorized Service Facility Representative"], ["Broker representative", "Parts Broker-Broker Representative"], ["Regulatory Authority-All", "Regulatory Authority Representative"], ["Supplier-All", "Supplier Representative"], ["Consultant", "Consultant Representative"], ["\\|\\|\\|Bombardier Customer Services Employee", ""], ["\\|\\|\\|Bombardier Generic Access", ""], ["\\|\\|\\|Bombardier Generic", ""], ["\\|\\|\\|Bombardier-All", ""], ["Bombardier Customer Services Employee\\|\\|\\|", ""], ["Bombardier Generic Access\\|\\|\\|", ""], ["Bombardier Generic\\|\\|\\|", ""], ["Bombardier-All\\|\\|\\|", ""]],
	"customMappingMode":"FindAndReplace"
}
{
	"notes":"AssociatedServices",
	"sharepoint":"Applicability",
	"rulesMapping": {"":
		{ "field":"DocumentType",
		"operator":"Equal",
		"value":"Databases",
		"enabled": 1}},
	"useNotesIfRuleMappingTrue": 1,
	"default":""
}
{
	"notes":"PartNumber",
	"sharepoint":"PartNumber",
	"default":""
}
{
	"notes":"PartSerialNumber",
	"sharepoint":"PartSerialNumber",
	"default":""
}
{
	"notes":"CustomerPONo",
	"sharepoint":"CustomerPONumber",
	"rulesMapping": {"01_":
		{ "field":"DocumentType",
		"operator":"NotEqual",
		"value":"Teardown Report",
		"enabled": 1},"":
		{ "field":"DocumentType",
		"operator":"Equal",
		"value":"Teardown Report",
		"linkedOperator":"And",
		"linkedRule": { "field":"CustomerPONo",
						"operator":"NotEqual",
						"value":""},
		"enabled": 1}},
	"useNotesIfRuleMappingTrueAndRuleValueEmpty": 1
}
{
	"notes":"BombardierPONo",
	"sharepoint":"BombardierPONumber",
	"rulesMapping": {"01_":
		{ "field":"DocumentType",
		"operator":"NotEqual",
		"value":"Teardown Report",
		"enabled": 1},"":
		{ "field":"DocumentType",
		"operator":"Equal",
		"value":"Teardown Report",
		"linkedOperator":"And",
		"linkedRule": { "field":"BombardierPONo",
						"operator":"NotEqual",
						"value":""},
		"enabled": 1}},
	"useNotesIfRuleMappingTrueAndRuleValueEmpty": 1
}
{
	"notes":"MainATASNS",
	"sharepoint":"MainATASNS",
	"default":""
}
{
	"notes":"SubATASNS",
	"sharepoint":"SubATASNS",
	"default":""
}
{
	"notes":"Supplier",
	"sharepoint":"Supplier",
	"valuesMapping": [["", ""],["Esterline Control Systems", "Esterline Mason Electric"], ["Esterline Technologies", "Esterline Mason Electric"],["United Technologies Corporation", "Hamilton Sundstrand"],["Zodiac Aerospace", "C&D Zodiac"]],
	"UseLnValueIfNoMatch": 1
}
{
	"notes":"ETOPS",
	"sharepoint":"ETOPS",
	"default":""
}
{
	"notes":"Keywords",
	"sharepoint":"Keywords",
	"default":""
}
{
	"notes":"Criticality",
	"sharepoint":"Criticality",
	"valuesMapping": [["0-Not Applicable", ""]],
	"UseLnValueIfNoMatch": 1,
	"default":""
}
{
	"notes":"Available on Portal",
	"sharepoint":"Available on Portal"
}
{
	"sharepoint":"Revision",
	"default":""
}
{
	"notes":"Created On",
	"sharepoint":"Release Date (Date of Issue)"
}
{
	"notes":"Status",
	"sharepoint":"DocumentStatus",
	"valuesMapping": [["Active", "Active"], ["Obsolete", "Obsolete"], ["Superseeded", "Replaced"]],
	"rulesMapping": {"01_":
		{ "field":"DocumentType",
		"operator":"Equal",
		"value":"Action Register",
		"enabled": 1}},
	"rulesMappingFirst":1,
	"default":""
}