{
	"field":"DocumentType",
	"operator":"NotEqual",
	"value":"STC Catalog",
	"enabled": 1
}
{
	"field":"DocumentType",
	"operator":"NotEqual",
	"value":"Compliance Countdown Matrix",
	"enabled": 1
}
{
	"field":"DocumentType",
	"operator":"NotEqual",
	"value":"Technical Issue Customer Survey (TICS)",
	"enabled": 1
}
{
	"field":"DocumentType",
	"operator":"NotEqual",
	"value":"Publishing Schedule",
	"enabled": 1
}
{
	"field":"UNID",
	"operator":"NotEqual",
	"value":"ESERVID-5-427",
	"enabled": 1
}